,shortcode,object
0,CcGXJaqJO9L,"sports_car, sport_car"
1,CdONzy7r3OT,trench_coat
2,CdxROg6ogoT,"hoopskirt, crinoline"
3,Ce01s-Fg_Dq,"book_jacket, dust_cover, dust_jacket, dust_wrapper"
4,CfB7VDzANNc,"web_site, website, internet_site, site"
5,CfBI-qolzz8,"web_site, website, internet_site, site"
6,CfCLqhCr1vd,sweatshirt
7,Ci78ylUr0qL,oxygen_mask
8,Cj30YJSJp6b,whistle
9,Cj6XYb_v5c5,plate
10,CjgI3BYJ0JE,stage
11,CjIwT3ELkvJ,"book_jacket, dust_cover, dust_jacket, dust_wrapper"
12,CjS-JtkrUX5,hartebeest
13,Cjt6ot2N1-Z,"microphone, mike"
14,Ck5lW6ADMry,broom
15,CkH_7XzAgJk,Windsor_tie
16,CkrEFmISa7U,"horizontal_bar, high_bar"
17,CkwvR1qJe7_,comic_book
18,CkZojwNs_wX,"bow_tie, bow-tie, bowtie"
19,Ck_VFPYvXDW,drumstick
20,Ck_xzHOyK_U,"brassiere, bra, bandeau"
21,Cl6jeEfjH6F,"suit, suit_of_clothes"
22,Cl6jkY6jYTw,"cowboy_hat, ten-gallon_hat"
23,Cl6jmw9jMwI,wig
24,Cli-df7M6JQ,"bonnet, poke_bonnet"
25,ClJeef9pyrj,"koala, koala_bear, kangaroo_bear, native_bear, Phascolarctos_cinereus"
26,ClMLu4usx2Y,"brassiere, bra, bandeau"
27,CmBR9PXM6Xj,paper_towel
28,CmClQFruyud,"pajama, pyjama, pj's, jammies"
29,CmKTBsnO4TD,fountain_pen
30,CmOqBfyjnN1,torch
31,CmoyLaSJezX,marmoset
32,CmUYPgzp7v_,basketball
33,CmxYbJzvmgW,overskirt
34,Cn-xpgrsHb2,"traffic_light, traffic_signal, stoplight"
35,Cn2qvc6PJu3,"feather_boa, boa"
36,CnnI_rhIZjL,"book_jacket, dust_cover, dust_jacket, dust_wrapper"
37,CnQrKP9rM2A,barbershop
38,CnX-r5sroT5,"web_site, website, internet_site, site"
39,CnXcXLIILC7,"web_site, website, internet_site, site"
40,CnXf2ZvIPe8,"web_site, website, internet_site, site"
41,CnXjO4sLqDm,"beach_wagon, station_wagon, wagon, estate_car, beach_waggon, station_waggon, waggon"
42,CnXLMvarKmT,"web_site, website, internet_site, site"
43,CnXSIlnLm6i,"web_site, website, internet_site, site"
44,CnXxCBPoqfW,"web_site, website, internet_site, site"
45,CnXZAVxrC0u,"web_site, website, internet_site, site"
46,CnYaMGRpQ7o,"web_site, website, internet_site, site"
47,CnYhA_CPTZ_,"web_site, website, internet_site, site"
48,CnYMgNSL4uf,"web_site, website, internet_site, site"
49,Co-M1prrZWO,shower_cap
50,CoAHaLzPpkX,comic_book
51,Coe90Z4uZob,"grocery_store, grocery, food_market, market"
52,CogeoWdrK2o,"jersey, T-shirt, tee_shirt"
53,CohGjBsNdhg,"web_site, website, internet_site, site"
54,CoHxOQhrTHX,"meerkat, mierkat"
55,Coid4-KyQ7F,zebra
56,CopRevnObk9,"teddy, teddy_bear"
57,CoqnN5HrbEG,"book_jacket, dust_cover, dust_jacket, dust_wrapper"
58,CoRG5g2ut-P,stole
59,CoRHCpauzUG,tripod
60,CoTgYsmLl7G,mortarboard
61,CoTojVarwg_,"hoopskirt, crinoline"
62,CoUd8bioQe9,altar
63,CovmqHZPkAk,swing
64,CoWV91ELRSz,golf_ball
65,CoYBxfbSfhk,sunglass
66,CoZJBmpuIlD,"brassiere, bra, bandeau"
67,Cp-8RM6u0UO,"remote_control, remote"
68,Cp-XrldOSS0,comic_book
69,Cp0btGwv_AE,"grocery_store, grocery, food_market, market"
70,Cp0hU3EOgh9,sarong
71,Cp0MSaNrHjZ,"bow_tie, bow-tie, bowtie"
72,Cp0TvSnpNE5,"solar_dish, solar_collector, solar_furnace"
73,Cp1L1Xuvjo7,cloak
74,Cp2-dHROkUc,"ballplayer, baseball_player"
75,Cp29r6yslVY,sunglass
76,Cp3CbJhL8Kv,"lab_coat, laboratory_coat"
77,Cp3QUrJuA0w,"hoopskirt, crinoline"
78,Cp3vzkhp1Ug,water_bottle
79,Cp8-L7jp2-C,acoustic_guitar
80,Cp9N0k9uXYt,"lakeside, lakeshore"
81,Cpa-qsiuJOD,cradle
82,CpcA39QOmgE,plastic_bag
83,CpCKVrjo-J9,"prison, prison_house"
84,CpdNL1YIm2H,trench_coat
85,CpeEJ57LAF9,"bikini, two-piece"
86,CpFA7JzNpDw,apron
87,CpfA_ZUtjPd,sunglass
88,CpGyOPwLNEP,maillot
89,CpHgCYzPU0S,"web_site, website, internet_site, site"
90,CpHHbGWunhI,"brassiere, bra, bandeau"
91,CphJOAKrBE-,"web_site, website, internet_site, site"
92,CpIbF1VuPSt,comic_book
93,CpiqBfkONWp,"jersey, T-shirt, tee_shirt"
94,CpjlxMmIXHL,"racket, racquet"
95,CpJn09fPvud,"ice_lolly, lolly, lollipop, popsicle"
96,CpJQ4F8rRu8,wig
97,CpLNaowPUqV,bow
98,CpMbMRWuz8s,"television, television_system"
99,CpMehdsu7vV,"hoopskirt, crinoline"
100,CpNyTX_rRNb,"pitcher, ewer"
101,CpQdxQTvq4w,"brassiere, bra, bandeau"
102,CpqrATUD4O6,sweatshirt
103,CpS0P4XuDm4,bulletproof_vest
104,CpsfJ0qOdSL,"bikini, two-piece"
105,CpUthn5JLa2,"lab_coat, laboratory_coat"
106,Cpu_3e6DSOa,"ballplayer, baseball_player"
107,Cpv2SBMrAGY,"brassiere, bra, bandeau"
108,Cpvaj1vPzQK,"teddy, teddy_bear"
109,CpvOwoYrzl5,"academic_gown, academic_robe, judge's_robe"
110,CpvpYy6usVz,"suit, suit_of_clothes"
111,CpvQd3yrH7W,"hoopskirt, crinoline"
112,CpVWg2BLHEp,"maillot, tank_suit"
113,CpwJ5eKNVuo,"bikini, two-piece"
114,CpWyGasNJ8_,trench_coat
115,Cpxgw3pM3gV,"book_jacket, dust_cover, dust_jacket, dust_wrapper"
116,Cpxocossp8S,"web_site, website, internet_site, site"
117,CpxuE59J9Po,"academic_gown, academic_robe, judge's_robe"
118,CpYkewCPiJh,"gasmask, respirator, gas_helmet"
119,CpYkNlsPVpd,sweatshirt
120,CpYkqEVvLZv,ski_mask
121,Cp_oNR6uHrh,"unicycle, monocycle"
122,Cp_TjmPP_LW,comic_book
123,Cq-11UUuLEo,kimono
124,Cq-1fSGsSix,"brassiere, bra, bandeau"
125,Cq-3AeXrmuk,"lipstick, lip_rouge"
126,Cq-9L9wtiqa,sunglass
127,Cq-VGwPICL1,jigsaw_puzzle
128,Cq-w9OpM0U3,kimono
129,Cq0i5XkussK,"Angora, Angora_rabbit"
130,Cq0Nlo8Jz36,sunglass
131,Cq1cJbJPvkV,basketball
132,Cq1cLEQojPR,"television, television_system"
133,Cq1FMaZvl0J,ski_mask
134,Cq3dtcTPNIp,"maillot, tank_suit"
135,Cq3iBbiPCxI,"doormat, welcome_mat"
136,Cq3NRgHO8ri,"web_site, website, internet_site, site"
137,Cq3UUUirzqw,bow
138,Cq5dIFav04b,"web_site, website, internet_site, site"
139,Cq5EuqHLDJM,"web_site, website, internet_site, site"
140,Cq5fdYouyEG,"maillot, tank_suit"
141,Cq5OUeWsoub,maillot
142,Cq5o_1EL1UK,kimono
143,Cq5QQ7fPrNw,maillot
144,Cq5uj8EIz3B,"web_site, website, internet_site, site"
145,Cq5uYDYPOcC,toyshop
146,Cq6Q7SUPhXJ,maillot
147,Cq6YLOfv7ag,whistle
148,Cq6YqPaPXpK,Band_Aid
149,Cq86QrRr92G,"ballplayer, baseball_player"
150,Cq8bDeKq3sh,volleyball
151,Cq8DiKiLpiL,"television, television_system"
152,Cq8WS3xrvpH,"suit, suit_of_clothes"
153,Cq9H97IubX6,toyshop
154,Cqa5XFcsVkd,"suit, suit_of_clothes"
155,Cqa6WbCu4LT,hair_slide
156,Cqafk-jj5HV,fur_coat
157,Cqb0SbnOlBD,hair_slide
158,CqBJKjMMOU6,"suit, suit_of_clothes"
159,CqBkPkJyJ6M,"ground_beetle, carabid_beetle"
160,CqBLGsEp8ZF,wine_bottle
161,CqBPN1Qus2s,"bikini, two-piece"
162,CqbUmxqv7V7,"pajama, pyjama, pj's, jammies"
163,CqbVNeevhNc,ski
164,Cqc88P7pSyI,gown
165,CqcPui6Ia5T,"book_jacket, dust_cover, dust_jacket, dust_wrapper"
166,CqDbWWEu8rV,"cellular_telephone, cellular_phone, cellphone, cell, mobile_phone"
167,CqDizDBj5P2,"web_site, website, internet_site, site"
168,CqdpWhQykQz,"seat_belt, seatbelt"
169,CqDpwptJ1r7,"breastplate, aegis, egis"
170,CqedzcZOnMx,Band_Aid
171,CqeNfv6ukVy,whistle
172,CqENlgtuTNe,gown
173,CqEUmHTP9-9,"lipstick, lip_rouge"
174,Cqf6U2ltpkD,"web_site, website, internet_site, site"
175,CqFdBtyvgHK,"suit, suit_of_clothes"
176,CqfHjcCvVKo,"web_site, website, internet_site, site"
177,CqG6fvgO3pq,football_helmet
178,CqgEyKWJBk4,whistle
179,CqGF-M7OEyB,menu
180,CqGJ4tGujCB,"computer_keyboard, keypad"
181,CqGOK4NJukv,swing
182,CqgWVVnKT8s,"bow_tie, bow-tie, bowtie"
183,CqH4ROSDzU7,"pop_bottle, soda_bottle"
184,CqHHrIJPJc7,iPod
185,CqiiscToYGn,plate
186,CqIp9YNDyN8,"maillot, tank_suit"
187,Cqj3KVVuzcH,comic_book
188,CqJ62H7vxN0,"sunglasses, dark_glasses, shades"
189,CqjAxXEuQSV,triumphal_arch
190,CqjAyPyOC_r,toilet_seat
191,CqJWMnxuolR,maypole
192,CqJZUlmLIQT,jigsaw_puzzle
193,Cqk9dj7M1Fb,bubble
194,CqKL3Set_4l,comic_book
195,Cqko2YKo2ka,"affenpinscher, monkey_pinscher, monkey_dog"
196,CqkU24buNM8,"ballplayer, baseball_player"
197,CqKZqziJjW_,maillot
198,Cqlfs8TryRg,gown
199,CqLgFJQOsjB,"brass, memorial_tablet, plaque"
200,CqlGGHWKIeW,"jersey, T-shirt, tee_shirt"
201,CqLsBKAOCid,bulletproof_vest
202,CqLUeUppDYs,"suit, suit_of_clothes"
203,CqLUQ_upwT0,sombrero
204,CqMIY8oD-NO,steel_drum
205,CqMpQggpOwy,"maillot, tank_suit"
206,CqMXiYItUEH,whistle
207,Cqnef1mI7p6,reflex_camera
208,CqntIVBJirt,electric_guitar
209,CqNYzn5puE3,"harmonica, mouth_organ, harp, mouth_harp"
210,CqnZlEjuhHb,"television, television_system"
211,CqOB1CmOJ0L,"web_site, website, internet_site, site"
212,CqOdT1XuMhY,"pedestal, plinth, footstall"
213,CqONOfmvIDV,mask
214,CqP2ljXsMXv,"maillot, tank_suit"
215,CqP9uGyMTXJ,"pug, pug-dog"
216,Cqq5ffWobHm,"ballplayer, baseball_player"
217,Cqq9T07OOda,oxygen_mask
218,Cqqan7RurWt,"bow_tie, bow-tie, bowtie"
219,CqQf-kCOWeu,comic_book
220,CqQfTxiOMMF,altar
221,CqQgeQcOyL5,"book_jacket, dust_cover, dust_jacket, dust_wrapper"
222,CqqN2fdgesw,snorkel
223,CqQOk2Mquj5,"prison, prison_house"
224,CqqRqDcKp2G,"suit, suit_of_clothes"
225,CqQzQjVuWQ5,"microphone, mike"
226,CqRcGvjOPnz,"seashore, coast, seacoast, sea-coast"
227,CqRD1ReOdgR,steel_drum
228,CqrK_ipP18Z,wig
229,CqRmrZPNwOK,comic_book
230,Cqs-cYWOuFw,wig
231,Cqs0XGYts1U,"lakeside, lakeshore"
232,Cqs10TPI20V,knee_pad
233,CqSxXsdu4I7,"lipstick, lip_rouge"
234,CqTanDGPtF4,gown
235,CqTbqILviaB,"maillot, tank_suit"
236,CqTFShGrhL_,neck_brace
237,CqtIkw3PhE6,sweatshirt
238,CqtRoagvpTB,kimono
239,CqTrwoMvvjl,dumbbell
240,CqtSuJGurQj,ski_mask
241,CqTugGXMts2,"pajama, pyjama, pj's, jammies"
242,CqtyYIAL0uk,snorkel
243,Cquag_pIZa5,oil_filter
244,CqUFPMLOIVs,"television, television_system"
245,CqUuBDsuWrR,sombrero
246,Cqv61eHvbxb,potter's_wheel
247,CqVFTxBPEXm,ski_mask
248,CqVlSnHOL93,"bucket, pail"
249,CqVr0nTOeDq,"paddle, boat_paddle"
250,CqvV4JHNLCG,alp
251,CqwBiiLONJH,comic_book
252,CqWbQtRuyFg,"crossword_puzzle, crossword"
253,CqWD6-9hp7U,"seashore, coast, seacoast, sea-coast"
254,CqwULEXOuOA,sweatshirt
255,Cqx_n8Ut9yZ,"cliff, drop, drop-off"
256,CqyL-aSA8g5,overskirt
257,CqylP2gNluK,"ballplayer, baseball_player"
258,CqYQV7zpKR1,"studio_couch, day_bed"
259,CqYV6nEsXb5,maillot
260,CqYVkH0uAvl,"mountain_bike, all-terrain_bike, off-roader"
261,CqZDoMmOPOr,"oboe, hautboy, hautbois"
262,CqzkNgEvXhs,trench_coat
263,Cq_eIV3AGMu,"web_site, website, internet_site, site"
264,Cq_hhdmu_zS,bulletproof_vest
265,Cr-25aeMGLw,maillot
266,Cr-2RSXMZ7O,"web_site, website, internet_site, site"
267,Cr-6dMAI4Q1,"balance_beam, beam"
268,Cr-9qhYNs6n,"web_site, website, internet_site, site"
269,Cr-AZl9pWLX,gown
270,Cr-JAmQMJqV,"web_site, website, internet_site, site"
271,Cr-KRzmscfI,menu
272,Cr-p1IuKC3a,"jean, blue_jean, denim"
273,Cr-PO2Lrh4_,"web_site, website, internet_site, site"
274,Cr-t9UjrqRZ,"spotlight, spot"
275,Cr-utmpSuhA,library
276,Cr-z93JSUh6,"web_site, website, internet_site, site"
277,Cr07IGONurC,cloak
278,Cr07QkWLrgz,vase
279,Cr08AgFLRPW,"teddy, teddy_bear"
280,Cr08CoxtlIf,"book_jacket, dust_cover, dust_jacket, dust_wrapper"
281,Cr0L2CxNvXq,"maillot, tank_suit"
282,Cr0MBOwJtHR,"book_jacket, dust_cover, dust_jacket, dust_wrapper"
283,Cr0MCjIJaxi,pretzel
284,Cr0MDxpJHGy,"book_jacket, dust_cover, dust_jacket, dust_wrapper"
285,Cr0SrWLvY6H,maillot
286,Cr0TV7RPVs3,"sunglasses, dark_glasses, shades"
287,Cr0_kJtoMTW,"ballplayer, baseball_player"
288,Cr18Xgntzp_,"theater_curtain, theatre_curtain"
289,Cr1awIrOASq,sunglass
290,Cr1c4dyOHCM,"ice_lolly, lolly, lollipop, popsicle"
291,Cr1cZqAO-rv,"web_site, website, internet_site, site"
292,Cr1GBFluZ06,toyshop
293,Cr1HMazu59-,"chain_mail, ring_mail, mail, chain_armor, chain_armour, ring_armor, ring_armour"
294,Cr1IS9uM9TC,"loudspeaker, speaker, speaker_unit, loudspeaker_system, speaker_system"
295,Cr1kFMErumS,comic_book
296,Cr1lLGKy_2g,comic_book
297,Cr1LlLRLM6_,"web_site, website, internet_site, site"
298,Cr1nB8BsOh1,bulletproof_vest
299,Cr1pL1HPCQh,Yorkshire_terrier
300,Cr1QDksOR43,cloak
301,Cr1QZehPCZE,head_cabbage
302,Cr1RHdLP21w,"seat_belt, seatbelt"
303,Cr1syJPMuxq,"suit, suit_of_clothes"
304,Cr2D0IZrUxT,"jean, blue_jean, denim"
305,Cr2f0NQoKKq,"theater_curtain, theatre_curtain"
306,Cr2t1q0L-rG,"assault_rifle, assault_gun"
307,Cr2t590r3jS,"aircraft_carrier, carrier, flattop, attack_aircraft_carrier"
308,Cr2t9PwL2eE,"assault_rifle, assault_gun"
309,Cr2UkeyuW6u,"suit, suit_of_clothes"
310,Cr2Upl9Ot3O,"book_jacket, dust_cover, dust_jacket, dust_wrapper"
311,Cr2UtDku1Be,Windsor_tie
312,Cr2YHYUPIZw,velvet
313,Cr30p9LPOve,comic_book
314,Cr38uh_vUII,holster
315,Cr38zEXP4sH,"brassiere, bra, bandeau"
316,Cr3hukaORBp,"hoopskirt, crinoline"
317,Cr3k_S8ALag,"lycaenid, lycaenid_butterfly"
318,Cr3MfrTMOeW,"web_site, website, internet_site, site"
319,Cr3nFlFI-1p,"bathing_cap, swimming_cap"
320,Cr3pCL7OnXw,overskirt
321,Cr3pyDHORMM,bulletproof_vest
322,Cr3sQ5npL5q,bubble
323,Cr3TP6ep4Rm,shower_cap
324,Cr3WFUZt2bb,barbershop
325,Cr3x031Ps_t,"starfish, sea_star"
326,Cr4G__yvADj,ping-pong_ball
327,Cr4UvVoPtRn,"bathtub, bathing_tub, bath, tub"
328,Cr4ZaRtMzMu,"tricycle, trike, velocipede"
329,Cr4zC3QOXtU,wig
330,Cr5-1iYMD7b,digital_watch
331,Cr5ConONWwC,cardigan
332,Cr5dwGRuyQZ,"pay-phone, pay-station"
333,Cr5dY3YOovl,harp
334,Cr5j2VFNYzO,"barrow, garden_cart, lawn_cart, wheelbarrow"
335,Cr5OpFiIErg,park_bench
336,Cr5snYku_qU,potter's_wheel
337,Cr62btDP4LF,"prison, prison_house"
338,Cr6305au6hf,comic_book
339,Cr6BNd7OQI_,sleeping_bag
340,Cr6BYaTrbTw,shower_cap
341,Cr6fMSEr5dW,"bearskin, busby, shako"
342,Cr6fzhSLuGF,"bow_tie, bow-tie, bowtie"
343,Cr6hrd8syfs,mask
344,Cr6INdDIazI,"gasmask, respirator, gas_helmet"
345,Cr6jIGqPdiU,dumbbell
346,Cr6jSkzLj7W,"carousel, carrousel, merry-go-round, roundabout, whirligig"
347,Cr6T7rnL7Vc,"bearskin, busby, shako"
348,Cr6VghcriW_,vestment
349,Cr6wQORIvKY,toyshop
350,Cr6WQP7rodx,"suit, suit_of_clothes"
351,Cr73evnuWN8,"bullet_train, bullet"
352,Cr7o1tgtzh0,dumbbell
353,Cr7piS_NJdq,military_uniform
354,Cr7PwF4N1qY,toyshop
355,Cr7qi1zNVhA,shower_cap
356,Cr7S0QYrdQL,"pay-phone, pay-station"
357,Cr7VZQsLqdd,military_uniform
358,Cr7YN6dr_By,"web_site, website, internet_site, site"
359,Cr80SHnOBTQ,"web_site, website, internet_site, site"
360,Cr89hW-AgIQ,"jean, blue_jean, denim"
361,Cr8bO_bsQoS,"web_site, website, internet_site, site"
362,Cr8fW-uKvXl,"ballplayer, baseball_player"
363,Cr8iKF7uTY8,maillot
364,Cr8nlveOgCy,velvet
365,Cr8uBFOqL9y,bulletproof_vest
366,Cr8YErRMm20,wig
367,Cr8ZcyXMjNA,jigsaw_puzzle
368,Cr8_dFLqGVm,gondola
369,Cr91_c9NlYh,bulletproof_vest
370,Cr97NRqvv-P,"web_site, website, internet_site, site"
371,Cr9DAZ4uTYj,comic_book
372,Cr9GDbmvdwq,"bathing_cap, swimming_cap"
373,Cr9nZ7Bu81H,gown
374,Cr9phDtJDhT,"hoopskirt, crinoline"
375,Cr9QXuApmya,"bathing_cap, swimming_cap"
376,Cr9Qyf1MXu9,basketball
377,Cr9R3cIMCIB,soccer_ball
378,Cr9SBM2uBbl,"web_site, website, internet_site, site"
379,Cr9t0gJs1yc,wig
380,Cr9W2EYvUlU,"breastplate, aegis, egis"
381,Cr9WwWYMF7M,sunglass
382,Cr9wYmSsTRG,bulletproof_vest
383,Cr9XA6ksNv4,sunglass
384,Cr9_U-jvwRY,basketball
385,Cra8IRetvaD,Loafer
386,CrAdHVdpw5Y,"ocarina, sweet_potato"
387,CraOf1nAww1,"handkerchief, hankie, hanky, hankey"
388,CrAPcaMKV0v,"brassiere, bra, bandeau"
389,CrAUv3_vp9P,trench_coat
390,CravN0APQx_,"loupe, jeweler's_loupe"
391,CrbBfPYrmTP,bulletproof_vest
392,CrbbMVqO5BM,electric_guitar
393,CrBDySbqmyV,"ballplayer, baseball_player"
394,CrBi-w_r0-r,toyshop
395,CrbKiDzt7z5,"prison, prison_house"
396,CrblIB2uHiA,hair_slide
397,CrbxCnBvTIT,"remote_control, remote"
398,CrBXn1LrH8d,oxygen_mask
399,CrbZ2QnPfez,"lipstick, lip_rouge"
400,Crcct2JJD9n,"groom, bridegroom"
401,CrcFGLmPXPO,bow
402,CrcMBLnpQGh,sunglass
403,CrCpfpVt3Zq,soccer_ball
404,CrcqzgiNpSJ,comic_book
405,CrCVstivN_3,"miniskirt, mini"
406,Crd8ByFpS3x,"quilt, comforter, comfort, puff"
407,CrddgDQrsZg,soccer_ball
408,CrDERAXg2aB,"web_site, website, internet_site, site"
409,CrdT47PP9Fp,"web_site, website, internet_site, site"
410,CrdvFhfsRhI,neck_brace
411,CrdyQYTJ8Mi,comic_book
412,CreAi4_Oj0Q,comic_book
413,CrebrOzvbqg,altar
414,CredKJbuINk,"gar, garfish, garpike, billfish, Lepisosteus_osseus"
415,CrESyyVOKCI,crutch
416,CrETSiLPaML,"hoopskirt, crinoline"
417,CrEw26NP9zE,"maillot, tank_suit"
418,CrEw5BcvaP2,trench_coat
419,CrEw7xqPbTG,Windsor_tie
420,CrEwp3SvyXo,"bikini, two-piece"
421,CrEwse0v1mV,bulletproof_vest
422,CrEw_mjP9CD,"maillot, tank_suit"
423,Crfapecy05Y,sleeping_bag
424,CrFcr0lu2Sa,"maillot, tank_suit"
425,Crfd4XaOJGy,forklift
426,CrfeTzqun2E,sunglass
427,CrfIxq7upLx,maillot
428,Crfj0O7utwt,chainlink_fence
429,CrfJon4uXfX,wig
430,Crfk8nAOkMl,"hoopskirt, crinoline"
431,CrfKdGhuGmo,wig
432,CrfTh4Hy_X4,Brittany_spaniel
433,CrfV56yPx70,"web_site, website, internet_site, site"
434,Crg0hV_vdaa,"accordion, piano_accordion, squeeze_box"
435,Crg1arRNXvX,soccer_ball
436,CrG1zcBNFQj,"ballplayer, baseball_player"
437,Crg2LGeyUPd,"suit, suit_of_clothes"
438,Crg6wt8uqiI,"quilt, comforter, comfort, puff"
439,CrgcNlCKqwH,"studio_couch, day_bed"
440,Crgfws9sU40,oxygen_mask
441,CrGgfF2IxAQ,ski_mask
442,CrgIdg-uLdA,"television, television_system"
443,CrgjoBIJpmC,packet
444,CrGkNOur3RD,"web_site, website, internet_site, site"
445,CrGmE3ustlr,suspension_bridge
446,CrgqTf3uRF5,"lab_coat, laboratory_coat"
447,CrGRBldNv3U,"web_site, website, internet_site, site"
448,CrGsyZ-OEoQ,potter's_wheel
449,CrGuuWjMU2-,"ballplayer, baseball_player"
450,CrgZpASLFHU,"suit, suit_of_clothes"
451,CrGZujltetk,"motor_scooter, scooter"
452,CrH4BWAI0M3,wig
453,Crh6_9mtTXI,"bikini, two-piece"
454,CrH8xTjrGKi,comic_book
455,CrhenoLOQ-B,"web_site, website, internet_site, site"
456,CrhEvMdvBBj,"bikini, two-piece"
457,CrhFG-tPsqn,shower_cap
458,CrhImDEvx1r,"gasmask, respirator, gas_helmet"
459,CrhSR7yOdvW,Chihuahua
460,CrhvkoMNU9e,"bikini, two-piece"
461,CrhZILKxArK,"miniskirt, mini"
462,CrI-dG4LZNO,"theater_curtain, theatre_curtain"
463,Cri-_X5u_7p,"tobacco_shop, tobacconist_shop, tobacconist"
464,Cri6is4O1qX,go-kart
465,Cri7WrfOo50,"cellular_telephone, cellular_phone, cellphone, cell, mobile_phone"
466,CrIAvLsIPng,"book_jacket, dust_cover, dust_jacket, dust_wrapper"
467,CrIiDqDOVWB,basketball
468,Cril5n3N3jc,"maillot, tank_suit"
469,Crink_fo9fJ,"suit, suit_of_clothes"
470,Crio_owI2CB,"suit, suit_of_clothes"
471,Criw8yGNWcJ,dumbbell
472,Crj83fprL1J,"miniskirt, mini"
473,Crj8S_csnbn,"suit, suit_of_clothes"
474,CrJAlbrLUXn,comic_book
475,CrJBkVcMarG,"sax, saxophone"
476,CrJc43UMqkf,"drilling_platform, offshore_rig"
477,Crji08xLlEd,"sunglasses, dark_glasses, shades"
478,CrjjyTLAbq8,comic_book
479,CrjlE42gfds,comic_book
480,CrjmlI8g_mP,comic_book
481,CrjoM5OP52l,trench_coat
482,CrjPDj4vNZd,"mouse, computer_mouse"
483,CrJrHlfvOPW,comic_book
484,CrjuCK2PFJp,"web_site, website, internet_site, site"
485,CrjUEyuPFh8,"maillot, tank_suit"
486,CrJUZqhJbN0,langur
487,CrjV48MP0Pf,"bikini, two-piece"
488,CrjWJQ2vIfX,kimono
489,CrK6lLcusAw,"parachute, chute"
490,CrK7Iw5SkhT,sweatshirt
491,CrkAPpWL_1J,wig
492,CrKdym9uQt8,monitor
493,CrkHkYBtwlF,comic_book
494,CrKK-FTJ5Dh,necklace
495,CrkSsjjrwxk,comic_book
496,CrKv-EtPf2P,potter's_wheel
497,CrL0YqzLEDG,"parallel_bars, bars"
498,Crl7EmauYXQ,ski
499,CrL9986vx4g,"flute, transverse_flute"
500,Crlbyy6O_qH,paintbrush
501,CrlfffhLUv8,"web_site, website, internet_site, site"
502,CrlfNqcOsC1,"bannister, banister, balustrade, balusters, handrail"
503,CrlfTBZLbgg,"ballplayer, baseball_player"
504,Crlij2WJXf3,"accordion, piano_accordion, squeeze_box"
505,CrLj3xDOfsK,"jersey, T-shirt, tee_shirt"
506,CrloyfmO246,overskirt
507,CrlskA8OvuD,umbrella
508,CrluvaxpcJ9,street_sign
509,CrlyUF3O4ut,gown
510,Crm3WElr_oy,"book_jacket, dust_cover, dust_jacket, dust_wrapper"
511,CrmBn-RvbW9,"ballplayer, baseball_player"
512,CrMCYjGvV_L,bulletproof_vest
513,CrmIE7tNddZ,ping-pong_ball
514,CrmklfTN_-p,"Irish_setter, red_setter"
515,CrmLRijOnYg,"horizontal_bar, high_bar"
516,CrmML4_JuUz,"electric_fan, blower"
517,CrmWWE9OA9m,"book_jacket, dust_cover, dust_jacket, dust_wrapper"
518,CrMy4-ItR39,ski
519,CrNc8nLNFMY,soccer_ball
520,CrnJp7QNIoq,stole
521,CrnPamftlY0,"beacon, lighthouse, beacon_light, pharos"
522,CrnPeqdtwjq,tile_roof
523,CrnPiRINzr1,"beacon, lighthouse, beacon_light, pharos"
524,Cro1cLOOrJL,comic_book
525,CrOagWCKPMD,"web_site, website, internet_site, site"
526,Crobx9CLY2p,"horizontal_bar, high_bar"
527,CroDbBuOe5_,"bikini, two-piece"
528,CrOfB42pQmk,"web_site, website, internet_site, site"
529,CroFd89NIen,"lakeside, lakeshore"
530,CrOfZDpvVVD,"jean, blue_jean, denim"
531,CrOIfaGusTT,sunglass
532,CroMTEqJP0O,basketball
533,CrOoRAvoMU5,"sports_car, sport_car"
534,CrorlCUPpkG,komondor
535,CrpKX8ytbq3,"book_jacket, dust_cover, dust_jacket, dust_wrapper"
536,CrPp5ZsJzgz,"web_site, website, internet_site, site"
537,CrpqBSbtXQT,"book_jacket, dust_cover, dust_jacket, dust_wrapper"
538,CrPUD7YJwnU,four-poster
539,Crq-_ynuVKV,"book_jacket, dust_cover, dust_jacket, dust_wrapper"
540,CrQ8EghoLrr,digital_watch
541,CrQcdySsEZE,"accordion, piano_accordion, squeeze_box"
542,Crqg5N7to4T,"television, television_system"
543,CrQi0aptYFd,"bikini, two-piece"
544,CrQVzBJsXL_,"television, television_system"
545,CrqzHV9tXIt,steel_drum
546,CrR36coJduB,"web_site, website, internet_site, site"
547,CrR43vhJRN2,comic_book
548,CrrA5Mku1xQ,fur_coat
549,CrReKu_vqH0,swing
550,CrrExaCOKI3,"suit, suit_of_clothes"
551,CrrF2NjumsX,speedboat
552,CrRGHjjLvYl,"suit, suit_of_clothes"
553,CrRGR0crUme,"chimpanzee, chimp, Pan_troglodytes"
554,CrRhG5GtSUy,soccer_ball
555,CrrKXTNveq8,"bikini, two-piece"
556,CrRRna9O4z1,sunglass
557,Crrsabjr5lL,fur_coat
558,CrrsYjgsAcE,gown
559,Crrt09Nuo1e,"bikini, two-piece"
560,CrRuCeLPT43,"seashore, coast, seacoast, sea-coast"
561,CrruxcBMXqq,cloak
562,CrrWOLrOhEy,comic_book
563,Crrx1RfuijG,"suit, suit_of_clothes"
564,Crs4a87pBzF,"web_site, website, internet_site, site"
565,Crs4i04LBOf,velvet
566,CrsctdupHPJ,overskirt
567,CrSLRkGrwbc,"gasmask, respirator, gas_helmet"
568,CrsOCXxOvlF,volcano
569,CrswieHr63f,"microphone, mike"
570,Crswu6WLmK6,rifle
571,CrswxvZLTmK,"gasmask, respirator, gas_helmet"
572,Crt0HZCOrUj,langur
573,Crt8klsMLUQ,cloak
574,CrTbaoZtTzy,"academic_gown, academic_robe, judge's_robe"
575,CrTbpNAI6kI,"ballplayer, baseball_player"
576,CrtcKIXSQIl,tennis_ball
577,CrtCmnAOWgc,poncho
578,CrTh2F0rBAE,kimono
579,CrthulwPI55,"horizontal_bar, high_bar"
580,CrtKUylNGt6,bulletproof_vest
581,CrTLRHBobmK,"ballplayer, baseball_player"
582,CrtLyquuYaT,"sandbar, sand_bar"
583,CrtO-kgIa6i,"prison, prison_house"
584,CrtQRRKo9_f,military_uniform
585,CrtRrX3L7Xm,"web_site, website, internet_site, site"
586,CrtRtRqrVx8,"web_site, website, internet_site, site"
587,CrtRxf7Lz7F,"web_site, website, internet_site, site"
588,CrttgVYSMl9,geyser
589,CrtTPmiLwVv,rugby_ball
590,Crtx2Ufppnk,jellyfish
591,CrtxAsmoQRu,oxygen_mask
592,CruA-wGv7rt,maillot
593,CrubkdSOVem,"hoopskirt, crinoline"
594,CrUE3a6tRs4,soccer_ball
595,CrUGT1Fs2VK,"jersey, T-shirt, tee_shirt"
596,CrUHRtzNU1v,soccer_ball
597,CruhUkMLD3W,"balance_beam, beam"
598,Cruix1bL_5h,"suit, suit_of_clothes"
599,CrukqcDASBE,trench_coat
600,CruL6K3oG_u,"hoopskirt, crinoline"
601,CruOGO0MyMG,abaya
602,CruRdGGsMq6,mask
603,CruVrWKLrls,overskirt
604,CruvschtpqM,cloak
605,CrUzJSRufO-,bulletproof_vest
606,Crv2TFiRtO8,"book_jacket, dust_cover, dust_jacket, dust_wrapper"
607,Crv3I-buXm-,vestment
608,CrvAqj2vAeM,football_helmet
609,CrvBtGHIuME,trench_coat
610,CrvDuXoOtYo,"hoopskirt, crinoline"
611,Crves1xOvBR,soccer_ball
612,CrVRFP4PmZz,gown
613,CrVvamCuU13,kuvasz
614,CrvW2ruMuKx,oxygen_mask
615,CrW5XiKP1w_,"mountain_bike, all-terrain_bike, off-roader"
616,Crw7YnuNx0a,maillot
617,CrwAh0Kv5O1,wig
618,CrwFn27oGeW,"bikini, two-piece"
619,CrWGUnFqspp,"unicycle, monocycle"
620,Crwi8GGpEgb,"ballplayer, baseball_player"
621,Crwi_UhPMOK,"jean, blue_jean, denim"
622,CrwJ31UMTIr,"jersey, T-shirt, tee_shirt"
623,CrwKFgCscXa,"hoopskirt, crinoline"
624,CrwpJLmOpxn,"bow_tie, bow-tie, bowtie"
625,CrWq8zKONQJ,trombone
626,CrwqqbKOvip,"orangutan, orang, orangutang, Pongo_pygmaeus"
627,CrwXntqsp0f,"bikini, two-piece"
628,CrwZEnAp_5B,"maillot, tank_suit"
629,Crx1BspIVvw,"balance_beam, beam"
630,CrxB1eMIgJB,geyser
631,CrxC-yMJupP,"coil, spiral, volute, whorl, helix"
632,CrxCH22JfgV,"perfume, essence"
633,CrxcIGPP125,"seat_belt, seatbelt"
634,CrxDdbjINDE,soccer_ball
635,CrXgMwctzdM,cardigan
636,Crxh9mnIPeh,"swimming_trunks, bathing_trunks"
637,CrxzwqgN4tg,crutch
638,CrX_ap2ND34,"tobacco_shop, tobacconist_shop, tobacconist"
639,Cry-i0oO-Do,sunglass
640,Cry1cx4MFk_,"oboe, hautboy, hautbois"
641,Cry67uYNIgr,rugby_ball
642,CrydgNYL-4w,"breastplate, aegis, egis"
643,CrYfqNyuYBZ,sunglass
644,CrYIIVHLuZM,"jersey, T-shirt, tee_shirt"
645,CryJZeos6ms,necklace
646,CrYKaGIs9m1,"American_Staffordshire_terrier, Staffordshire_terrier, American_pit_bull_terrier, pit_bull_terrier"
647,CrykUbBJugE,alp
648,CrynRW5M6Me,overskirt
649,Cryn_VaOqzT,cardigan
650,CryPA4_tnoC,gown
651,CryQdUNJlJQ,soccer_ball
652,CryRcOXsq-_,sarong
653,CrytMltJT9c,"nematode, nematode_worm, roundworm"
654,CryV45urd0B,wig
655,CryxZbJPsSz,"ballplayer, baseball_player"
656,CrYyOcDuiOM,monitor
657,CrYz5UnpwBq,"jean, blue_jean, denim"
658,Crz3ZtsIWlZ,vestment
659,Crz8j54JX-E,"hand_blower, blow_dryer, blow_drier, hair_dryer, hair_drier"
660,CrzIuaMOPkU,torch
661,CrzIXIdL9Tw,"book_jacket, dust_cover, dust_jacket, dust_wrapper"
662,CrzMaNlP_3G,comic_book
663,CrZPFN9PiPi,"book_jacket, dust_cover, dust_jacket, dust_wrapper"
664,Cr_0_Z-tGGI,"bolo_tie, bolo, bola_tie, bola"
665,Cr_5d9duMN4,packet
666,Cr_Da5XOKOd,comic_book
667,Cr_EFyCuwMe,"lab_coat, laboratory_coat"
668,Cr_eYX4OAi_,knee_pad
669,Cr_f2jmOJ8b,"lab_coat, laboratory_coat"
670,Cr_gUcpMXbd,"bobsled, bobsleigh, bob"
671,Cr_IKxtNFWR,menu
672,Cr_OuxLLmsa,comic_book
673,Cr_OviBJPrw,"feather_boa, boa"
674,Cr_PK1OujTh,"parachute, chute"
675,Cr_PmiFJtyO,"bannister, banister, balustrade, balusters, handrail"
676,Cr_psKeMGVo,cloak
677,Cr_QT72tmUC,bath_towel
678,Cr_rItJrLra,Bernese_mountain_dog
679,Cr_rojVO2iz,Windsor_tie
680,Cr_s70qpxkF,missile
681,Cr_uefnPQ2V,"cinema, movie_theater, movie_theatre, movie_house, picture_palace"
682,Cr_WgxUOOZp,"web_site, website, internet_site, site"
683,Cr_XeOSMbNs,gown
684,CsA1zG_JT_5,maillot
685,CsA2OQINKQA,steel_drum
686,CsA2RZMpW_K,pole
687,CsA3TQROO1G,maillot
688,CsAavathPgz,"lab_coat, laboratory_coat"
689,CsABMXFv_o6,goblet
690,CsAG82Lvopo,"ballplayer, baseball_player"
691,CsAMdjRuDCT,"book_jacket, dust_cover, dust_jacket, dust_wrapper"
692,CsAtxXJrtDx,"web_site, website, internet_site, site"
693,CsAuSinrw_K,"jersey, T-shirt, tee_shirt"
694,CsAwXLpKFoP,kimono
695,CsAWZtaM0NF,comic_book
696,CsAyu2Tv9cB,"web_site, website, internet_site, site"
697,CsA_x8WqdiD,kimono
698,CsB3Zg9spN3,"lakeside, lakeshore"
699,CsB7CnKsKxw,running_shoe
700,CsBAhGmof-Q,minibus
701,CsBfX3KsaEO,"prayer_rug, prayer_mat"
702,CsBI1WzuE2J,"ocarina, sweet_potato"
703,CsBj1D9NLuM,volleyball
704,CsBjYavMdO5,sandal
705,CsBK3Y9MHsc,sandal
706,CsBkzNgs59R,"web_site, website, internet_site, site"
707,CsBrLRYuIng,ski
708,CsBS5S4hY2a,"web_site, website, internet_site, site"
709,CsBTfhSNsfg,"studio_couch, day_bed"
710,CsBv49sr25u,toyshop
711,CsBz9a0OPOK,running_shoe
712,CsBz9vUIVyK,"television, television_system"
713,CsBz_2IJsfF,"rock_crab, Cancer_irroratus"
714,CsB_VVLpWWM,comic_book
715,CsCB1OEO1iK,"cellular_telephone, cellular_phone, cellphone, cell, mobile_phone"
716,CsCcf1_oQJv,"web_site, website, internet_site, site"
717,CsCIj1KMQEY,comic_book
718,CsCIuFlP1OC,toyshop
719,CsCkBwYhdMH,"book_jacket, dust_cover, dust_jacket, dust_wrapper"
720,CsCkDjkBaVw,"book_jacket, dust_cover, dust_jacket, dust_wrapper"
721,CsCkFr7hrBG,"book_jacket, dust_cover, dust_jacket, dust_wrapper"
722,CsCPsmzoOTe,toilet_seat
723,CsCq5FQoHXA,custard_apple
724,CsCQRrbyeIT,snorkel
725,CsCsCEhNALt,"web_site, website, internet_site, site"
726,CsCVAplvtQ3,"hammerhead, hammerhead_shark"
727,CsCY07ppjGZ,knot
728,CsD-kR6v3co,"book_jacket, dust_cover, dust_jacket, dust_wrapper"
729,CsD5SbysUTq,maillot
730,CsDa9s9oOEt,"sandbar, sand_bar"
731,CsDCixApSu2,"web_site, website, internet_site, site"
732,CsDcZvKNGuL,stage
733,CsDGW_eBSgM,"web_site, website, internet_site, site"
734,CsDkDdpvrOL,"web_site, website, internet_site, site"
735,CsDox1iNk-Q,sweatshirt
736,CsDp7aJOlxo,"jersey, T-shirt, tee_shirt"
737,CsDraTDtguH,volleyball
738,CsDsJoKs618,running_shoe
739,CsDsREnIbv3,toyshop
740,CsDssFfg8XY,volleyball
741,CsDTeqDJkEk,swing
742,CsDTgv2qLHL,"web_site, website, internet_site, site"
743,CsDUAfUKy1v,"miniskirt, mini"
744,CsDVMt_PUKV,"television, television_system"
745,CsDXignMDQr,running_shoe
746,CsDxR75sWFZ,"maze, labyrinth"
747,CsE-k-QoRV2,"web_site, website, internet_site, site"
748,CsE-ZAhMaCP,velvet
749,CsE0kG7O3p1,"puck, hockey_puck"
750,CsE3p4nLCQd,"bow_tie, bow-tie, bowtie"
751,CsE5HSTy9VJ,"bikini, two-piece"
752,CsE5lJJyxqh,"web_site, website, internet_site, site"
753,CsE5YelstdW,comic_book
754,CsE6m0XSLrX,volleyball
755,CsE7UQAuc6M,park_bench
756,CsEb1oSIOQ5,volleyball
757,CsEBfbzqRxW,"web_site, website, internet_site, site"
758,CsEbYQFt3YJ,basketball
759,CsEcP6NILxI,"chimpanzee, chimp, Pan_troglodytes"
760,CsEEJyPMbaW,"loggerhead, loggerhead_turtle, Caretta_caretta"
761,CsEEn43o2zU,"swimming_trunks, bathing_trunks"
762,CsEEPZgOs4w,"cellular_telephone, cellular_phone, cellphone, cell, mobile_phone"
763,CsEETtQs_SM,vestment
764,CsEFXb5u_B7,"slot, one-armed_bandit"
765,CsEHMN4ocgF,soccer_ball
766,CsEiTctpQWn,wig
767,CsEJCHLo6B8,"web_site, website, internet_site, site"
768,CsEnl7uvGt4,comic_book
769,CsEnoYmur3T,"web_site, website, internet_site, site"
770,CsEOvaaoHZi,volleyball
771,CsEq4cBtHd2,knee_pad
772,CsERulbAu3-,"crossword_puzzle, crossword"
773,CsERvLisa26,comic_book
774,CsESaHXINJF,"unicycle, monocycle"
775,CsESQDIOwpw,"pick, plectrum, plectron"
776,CsEuKHHOIWj,"mouse, computer_mouse"
777,CsEuN_zOgMn,"book_jacket, dust_cover, dust_jacket, dust_wrapper"
778,CsEvBuCuLwB,sweatshirt
779,CsEvIcCP_wm,"bikini, two-piece"
780,CsEWGbLL2Jl,"web_site, website, internet_site, site"
781,CsExhnJoTZF,Windsor_tie
782,CsExWOrp6By,"maze, labyrinth"
783,CsEYxgDx-YG,"pot, flowerpot"
784,CsEYypKReLl,"web_site, website, internet_site, site"
785,CsEZcheIToc,zebra
786,CsEZGGBsq1D,running_shoe
787,CsE_XOptSIc,basketball
788,CsF0SFGLa1z,"web_site, website, internet_site, site"
789,CsF3BVSSGv7,"brassiere, bra, bandeau"
790,CsFB9obsoDd,"web_site, website, internet_site, site"
791,CsFB_3bI_hE,toyshop
792,CsFEvNmPVZQ,jigsaw_puzzle
793,CsFfbhPIWCU,"web_site, website, internet_site, site"
794,CsFfd_QIdSS,abaya
795,CsFfXMwI2KM,trench_coat
796,CsFg9YDI9zA,velvet
797,CsFgwQ1I35l,"jean, blue_jean, denim"
798,CsFg_emI66e,"iron, smoothing_iron"
799,CsFhCCCIg2w,"hand_blower, blow_dryer, blow_drier, hair_dryer, hair_drier"
800,CsFI0SPN1GI,"valley, vale"
801,CsFI9UdNG2c,basketball
802,CsFibcIL09A,"cinema, movie_theater, movie_theatre, movie_house, picture_palace"
803,CsFiwyhuw3J,comic_book
804,CsFOkNas8-3,"jersey, T-shirt, tee_shirt"
805,CsFrJc8tHuN,"web_site, website, internet_site, site"
806,CsFt-VjNQAR,"suit, suit_of_clothes"
807,CsFvtkcOO4F,"notebook, notebook_computer"
808,CsFw09uIj00,"wool, woolen, woollen"
809,CsFXENepYgV,"lab_coat, laboratory_coat"
810,CsFxIbyPDxC,apron
811,CsFxpFprThJ,"suit, suit_of_clothes"
812,CsFYFzbOYuP,toy_terrier
813,CsFZR9PBH-l,sweatshirt
814,CsF_5TZO7ql,magnetic_compass
815,CsF_v44IXyc,Windsor_tie
816,CsF_zDTLQxA,abaya
817,CsF_ZgLrxeN,"lakeside, lakeshore"
818,CsG-ULKNyuz,"ballplayer, baseball_player"
819,CsG-zxONwwu,"web_site, website, internet_site, site"
820,CsG1hC-LcMW,"book_jacket, dust_cover, dust_jacket, dust_wrapper"
821,CsG2bMDqws7,"web_site, website, internet_site, site"
822,CsG2kggNtzX,whistle
823,CsG2sEbrnVL,"bow_tie, bow-tie, bowtie"
824,CsG2zhrMY7m,"lab_coat, laboratory_coat"
825,CsG4ZuDMUr7,comic_book
826,CsG5kamLqAK,"Staffordshire_bullterrier, Staffordshire_bull_terrier"
827,CsG6KjdhhYC,"lab_coat, laboratory_coat"
828,CsG7Ki7OojA,comic_book
829,CsG7W-zPNAV,iPod
830,CsG7yaFM4ge,bassinet
831,CsG9iEwLAYf,"puck, hockey_puck"
832,CsG9li1MFSt,"web_site, website, internet_site, site"
833,CsG9naAPIqc,"maillot, tank_suit"
834,CsG9t2kBYqV,stole
835,CsGd0sGMvQa,"cowboy_hat, ten-gallon_hat"
836,CsGdcw6Mp7j,"jersey, T-shirt, tee_shirt"
837,CsGdGP4oKrY,"unicycle, monocycle"
838,CsGGmcxtTUL,plate_rack
839,CsGGskXNCNw,maypole
840,CsGgTRMvcEU,"web_site, website, internet_site, site"
841,CsGiaCPI0SS,soccer_ball
842,CsGiCi2RBwR,"hoopskirt, crinoline"
843,CsGiOWIN-bC,sunglass
844,CsGITajsBpG,"pajama, pyjama, pj's, jammies"
845,CsGIvABJYxD,"bikini, two-piece"
846,CsGJ2Q8NSYO,"web_site, website, internet_site, site"
847,CsGj7S8NGWx,"web_site, website, internet_site, site"
848,CsGJBysJwr1,"miniskirt, mini"
849,CsGJpTSrsRv,buckle
850,CsGjQLDu1n7,"bookshop, bookstore, bookstall"
851,CsGk0GyrcU-,"notebook, notebook_computer"
852,CsGkH1BugT8,street_sign
853,CsGlkXCN_XS,cloak
854,CsGMV8yO2cC,comic_book
855,CsGmYB9gxto,football_helmet
856,CsGn5WtA9rK,"chimpanzee, chimp, Pan_troglodytes"
857,CsGo8ivM9pE,"book_jacket, dust_cover, dust_jacket, dust_wrapper"
858,CsGo8o7Mdha,"web_site, website, internet_site, site"
859,CsGo9j_s3A9,tusker
860,CsGoPwJNDty,"web_site, website, internet_site, site"
861,CsGouSpgVJt,"chimpanzee, chimp, Pan_troglodytes"
862,CsGpDNnMFmr,running_shoe
863,CsGPij5yML-,"web_site, website, internet_site, site"
864,CsGpiStufGu,"jersey, T-shirt, tee_shirt"
865,CsGpjWlgnEI,"chimpanzee, chimp, Pan_troglodytes"
866,CsGpoaVPZhD,pill_bottle
867,CsGqLHOARU5,"chimpanzee, chimp, Pan_troglodytes"
868,CsGqOQ-PlIa,"web_site, website, internet_site, site"
869,CsGrDRFN-O4,basketball
870,CsGs1c6NS6J,"web_site, website, internet_site, site"
871,CsGSs6-MCNC,fountain
872,CsGUAK-S1uj,"book_jacket, dust_cover, dust_jacket, dust_wrapper"
873,CsGv2uCOr6D,football_helmet
874,CsGv7P3BmXo,shower_curtain
875,CsGvAXGOv-X,"ballplayer, baseball_player"
876,CsGVRtIMKVy,running_shoe
877,CsGVyG7IxWd,hourglass
878,CsGxFF0upL2,"web_site, website, internet_site, site"
879,CsGXq80NWpn,"sunglasses, dark_glasses, shades"
880,CsGyLRGIGmv,"jersey, T-shirt, tee_shirt"
881,CsGYVluhLKr,daisy
882,CsGZ0ShK0-m,"web_site, website, internet_site, site"
883,CsGzzb-tKjY,sarong
884,CsG_BSJO3ge,standard_schnauzer
885,CsG_bypxSXA,tripod
886,CsG_sXWPX-T,"web_site, website, internet_site, site"
887,CsG_uYopc2V,"web_site, website, internet_site, site"
888,CsH-1ClgEXd,football_helmet
889,CsH-c8erOzu,"suit, suit_of_clothes"
890,CsH-eHPuMMS,wig
891,CsH-wUbJZ0E,"book_jacket, dust_cover, dust_jacket, dust_wrapper"
892,CsH0egRv5MQ,"book_jacket, dust_cover, dust_jacket, dust_wrapper"
893,CsH0gaDOld1,stole
894,CsH0k8JOEvq,menu
895,CsH0q-9ucEL,trench_coat
896,CsH1MJfJ86p,"slot, one-armed_bandit"
897,CsH1qrVPRlR,"slot, one-armed_bandit"
898,CsH1uLbRE2j,wall_clock
899,CsH2-CYJegP,"web_site, website, internet_site, site"
900,CsH2HQhuW9j,"web_site, website, internet_site, site"
901,CsH2nQwJFGZ,bulletproof_vest
902,CsH2RPFJjuf,"web_site, website, internet_site, site"
903,CsH2VfUg78z,scoreboard
904,CsH2Y6wOOwh,menu
905,CsH3-HApeXK,scoreboard
906,CsH3a8cgM-0,comic_book
907,CsH3uKEubv3,maillot
908,CsH3yFMIA-1,"ballplayer, baseball_player"
909,CsH5aaiJUhu,menu
910,CsH5dHtv0z4,"lab_coat, laboratory_coat"
911,CsH5pFQxu26,"web_site, website, internet_site, site"
912,CsH5pLmN5mg,comic_book
913,CsH5V8ePb6k,wig
914,CsH5zy3OCZ9,toyshop
915,CsH6LYHuYPS,"lipstick, lip_rouge"
916,CsH7dYkNtU2,trench_coat
917,CsH7E9wLGcq,"suit, suit_of_clothes"
918,CsH7Q34OUpU,"shoe_shop, shoe-shop, shoe_store"
919,CsH7v7EJnk_,"bathing_cap, swimming_cap"
920,CsH7WHStYSr,scoreboard
921,CsH7WRMIbKD,"king_penguin, Aptenodytes_patagonica"
922,CsH8CFdpAtK,comic_book
923,CsH9CX1uLg2,"Siamese_cat, Siamese"
924,CsH9Dxlt2sW,comic_book
925,CsH9Eq4Ngpw,whistle
926,CsH9QfNONjN,"wallet, billfold, notecase, pocketbook"
927,CsHA-v9MDbx,"book_jacket, dust_cover, dust_jacket, dust_wrapper"
928,CsHA1_Us5Jw,toyshop
929,CsHa9dJPtDK,"book_jacket, dust_cover, dust_jacket, dust_wrapper"
930,CsHaaq7u-CZ,"maillot, tank_suit"
931,CsHaiuyJj9Y,"web_site, website, internet_site, site"
932,CsHaRUIvVKJ,comic_book
933,CsHatIvsCu8,"slot, one-armed_bandit"
934,CsHaV4WJGWj,"jersey, T-shirt, tee_shirt"
935,CsHb2zdvHh4,"web_site, website, internet_site, site"
936,CsHba4juMai,"electric_fan, blower"
937,CsHbh9QONx3,"web_site, website, internet_site, site"
938,CsHbHK6ofnS,soccer_ball
939,CsHbKUrPhPz,"web_site, website, internet_site, site"
940,CsHBLzirQ42,basketball
941,CsHBvmqLDKt,"web_site, website, internet_site, site"
942,CsHcmCKoghR,"balance_beam, beam"
943,CsHCmvXPhUy,basketball
944,CsHCy3xofPL,"web_site, website, internet_site, site"
945,CsHddQ6o4b9,sweatshirt
946,CsHdhV9Jofk,"jersey, T-shirt, tee_shirt"
947,CsHDJTWLiSE,poncho
948,CsHdkdatIw5,bow
949,CsHDxNZr1AY,cauliflower
950,CsHE4Xnrzdv,knee_pad
951,CsHEaiDpvl-,sweatshirt
952,CsHEsmQLL7Y,"web_site, website, internet_site, site"
953,CsHewkKoovC,"clog, geta, patten, sabot"
954,CsHExEcOKDY,"web_site, website, internet_site, site"
955,CsHf-RQrtU9,"jersey, T-shirt, tee_shirt"
956,CsHf-U-r_KJ,maillot
957,CsHf5h3oSu4,maillot
958,CsHfdvxL2CB,maillot
959,CsHFOWyJJNa,"brassiere, bra, bandeau"
960,CsHFQlzItfT,"ballplayer, baseball_player"
961,CsHFv1uLqPj,"web_site, website, internet_site, site"
962,CsHg0IvuZoT,plate_rack
963,CsHgKMOP77m,"web_site, website, internet_site, site"
964,CsHgnOpv3mx,maypole
965,CsHgQwtL48-,basketball
966,CsHGRkkr1TS,sweatshirt
967,CsHGwdrsPvm,hair_spray
968,CsHH39Kvvwn,rugby_ball
969,CsHHhKUL0JN,"projectile, missile"
970,CsHHqJyLgnq,"book_jacket, dust_cover, dust_jacket, dust_wrapper"
971,CsHhyrZSoAq,wig
972,CsHhYVZr-tK,"ocarina, sweet_potato"
973,CsHiDJVSeGG,basketball
974,CsHiwNgpDGA,"spotlight, spot"
975,CsHj45QNCQs,basketball
976,CsHj4Yfr2N-,"web_site, website, internet_site, site"
977,CsHjAHXONL9,swing
978,CsHjiRoLsoV,"ocarina, sweet_potato"
979,CsHjiWHLalj,golf_ball
980,CsHjocXSEVs,comic_book
981,CsHjp5TOggK,comic_book
982,CsHjPRePX2Q,"web_site, website, internet_site, site"
983,CsHjRu0rzEq,"web_site, website, internet_site, site"
984,CsHjWXXp0Zk,"jersey, T-shirt, tee_shirt"
985,CsHJXdLNtmc,spatula
986,CsHjYeuLOkh,"web_site, website, internet_site, site"
987,CsHk6dAuOvz,"web_site, website, internet_site, site"
988,CsHkARvyHx7,"maillot, tank_suit"
989,CsHkCawLO8u,"web_site, website, internet_site, site"
990,CsHKcRcL-1d,"prison, prison_house"
991,CsHKN0ourgJ,wig
992,CsHkQmNrw1Z,"web_site, website, internet_site, site"
993,CsHl16JI1qZ,"web_site, website, internet_site, site"
994,CsHLaWyOdWK,menu
995,CsHlC-whFNW,volleyball
996,CsHLDnptB3D,bubble
997,CsHLGMGppW5,sunglass
998,CsHlKysrRpv,oxygen_mask
999,CsHLNYlMo0r,comic_book
1000,CsHlozlpJUb,bulletproof_vest
1001,CsHLSe-O0J8,scoreboard
1002,CsHLSGcOoPc,"swimming_trunks, bathing_trunks"
1003,CsHLtbwt9th,basketball
1004,CsHltFFL__q,knee_pad
1005,CsHlTXSuRra,"web_site, website, internet_site, site"
1006,CsHLVOZPalt,overskirt
1007,CsHLW0VBgPe,"maillot, tank_suit"
1008,CsHlwRMuZim,"tobacco_shop, tobacconist_shop, tobacconist"
1009,CsHlWT8Leci,"flagpole, flagstaff"
1010,CsHLYasuV89,standard_poodle
1011,CsHl_cgL1eg,"web_site, website, internet_site, site"
1012,CsHm8xKIO3R,ski_mask
1013,CsHmobCoXiE,"web_site, website, internet_site, site"
1014,CsHMQSsvHGo,"web_site, website, internet_site, site"
1015,CsHMTEtvre6,"web_site, website, internet_site, site"
1016,CsHmykQp3Pw,pickelhaube
1017,CsHmZjju6Yh,"miniskirt, mini"
1018,CsHNE23vZ7b,"web_site, website, internet_site, site"
1019,CsHNE_iusHI,gown
1020,CsHnjuZPA6o,sarong
1021,CsHnjwVu7E3,"ballplayer, baseball_player"
1022,CsHnrCdLvDR,"web_site, website, internet_site, site"
1023,CsHnV4jI938,sweatshirt
1024,CsHnxjJO037,abaya
1025,CsHoAMvO5Si,"web_site, website, internet_site, site"
1026,CsHoBlfIjPn,kimono
1027,CsHoet0Pfus,"web_site, website, internet_site, site"
1028,CsHooXnpLst,"ballplayer, baseball_player"
1029,CsHOyqvvLXp,"bookshop, bookstore, bookstall"
1030,CsHp50bPmW0,"web_site, website, internet_site, site"
1031,CsHPA-apv3z,comic_book
1032,CsHPBKtvH5o,"web_site, website, internet_site, site"
1033,CsHPDE-NaIf,volleyball
1034,CsHPp8Gv7Ct,"web_site, website, internet_site, site"
1035,CsHPVR0ow6G,"jersey, T-shirt, tee_shirt"
1036,CsHQDQKObza,"brassiere, bra, bandeau"
1037,CsHQIE0N8U8,gown
1038,CsHqk4DvgAR,"web_site, website, internet_site, site"
1039,CsHqLkEp4Kn,"studio_couch, day_bed"
1040,CsHQ_y1oln8,umbrella
1041,CsHR3-LB6DN,"web_site, website, internet_site, site"
1042,CsHrk54AESv,"web_site, website, internet_site, site"
1043,CsHRKY5O8xQ,"book_jacket, dust_cover, dust_jacket, dust_wrapper"
1044,CsHrS3OPz-N,"suit, suit_of_clothes"
1045,CsHRUzLut3i,sunglass
1046,CsHs72SJd9y,comic_book
1047,CsHsD5lOrcl,dough
1048,CsHsIHXLYL7,"brassiere, bra, bandeau"
1049,CsHSkdHvvyY,"web_site, website, internet_site, site"
1050,CsHsrfKpD9z,"web_site, website, internet_site, site"
1051,CsHSUuQyajG,Band_Aid
1052,CsHSxk9PwwB,comic_book
1053,CsHtuInhVYY,"maillot, tank_suit"
1054,CsHtWcxu4jg,"book_jacket, dust_cover, dust_jacket, dust_wrapper"
1055,CsHU-q4p8Js,monitor
1056,CsHu1npMtIJ,"pedestal, plinth, footstall"
1057,CsHufaosIAy,pinwheel
1058,CsHUmPrulZP,"suit, suit_of_clothes"
1059,CsHUnMrqISv,comic_book
1060,CsHuWvdMalM,"traffic_light, traffic_signal, stoplight"
1061,CsHuZnBxIdy,"bow_tie, bow-tie, bowtie"
1062,CsHv7gUyogy,pier
1063,CsHVJQmPDAy,"web_site, website, internet_site, site"
1064,CsHVoniJWi4,"web_site, website, internet_site, site"
1065,CsHVq5CPANd,ski
1066,CsHWCoZs3Gx,"ruffed_grouse, partridge, Bonasa_umbellus"
1067,CsHWDisP6ax,"web_site, website, internet_site, site"
1068,CsHWG6mMVFF,"gar, garfish, garpike, billfish, Lepisosteus_osseus"
1069,CsHWRIIMLDz,"brassiere, bra, bandeau"
1070,CsHWVZkSZ-A,"academic_gown, academic_robe, judge's_robe"
1071,CsHX8rDv_RR,"lab_coat, laboratory_coat"
1072,CsHxE-5vrNg,"web_site, website, internet_site, site"
1073,CsHXIbqRqVt,stole
1074,CsHXOMyPGLb,"web_site, website, internet_site, site"
1075,CsHxSAyuiaX,"miniskirt, mini"
1076,CsHY-1CJz77,cassette_player
1077,CsHYFF8IWLY,"book_jacket, dust_cover, dust_jacket, dust_wrapper"
1078,CsHYn0SvCmU,"book_jacket, dust_cover, dust_jacket, dust_wrapper"
1079,CsHyZg3sZ76,iPod
1080,CsHZHB8tq2B,"hoopskirt, crinoline"
1081,CsHZn3KPwyX,Windsor_tie
1082,CsHZuUmr5F5,"academic_gown, academic_robe, judge's_robe"
1083,CsH_6gux4bR,comic_book
1084,CsH_HlVuQWW,potter's_wheel
1085,CsI-1dRt6tO,"microphone, mike"
1086,CsI-3sSNGaL,"web_site, website, internet_site, site"
1087,CsI-82jJiNZ,"web_site, website, internet_site, site"
1088,CsI-LZXuRBq,"book_jacket, dust_cover, dust_jacket, dust_wrapper"
1089,CsI-XjEuvgP,comic_book
1090,CsI-z0qNNPR,"balance_beam, beam"
1091,CsI0M1-qeFs,basketball
1092,CsI0RfLvKM7,"web_site, website, internet_site, site"
1093,CsI0VMYrps4,"web_site, website, internet_site, site"
1094,CsI0Xf8rZS5,comic_book
1095,CsI10ecNXTT,"web_site, website, internet_site, site"
1096,CsI1iYNP9NF,comic_book
1097,CsI1kGqP-63,"tobacco_shop, tobacconist_shop, tobacconist"
1098,CsI1sxsSE_m,"hand-held_computer, hand-held_microcomputer"
1099,CsI1tcnryDD,"bikini, two-piece"
1100,CsI1uqEg9IO,bow
1101,CsI1UroMBB7,"web_site, website, internet_site, site"
1102,CsI1vJxoPy4,football_helmet
1103,CsI1VzOrDEx,"web_site, website, internet_site, site"
1104,CsI2fF-N1bi,basketball
1105,CsI2K2nLYMM,"wool, woolen, woollen"
1106,CsI2w_pI9Ja,"ballplayer, baseball_player"
1107,CsI2xHfLAaT,folding_chair
1108,CsI32QAvb7-,"web_site, website, internet_site, site"
1109,CsI3md2q_Gg,"valley, vale"
1110,CsI3yLhuu00,plastic_bag
1111,CsI49pAr2z8,"web_site, website, internet_site, site"
1112,CsI4Mn5s4O9,"suit, suit_of_clothes"
1113,CsI4ngor3Dy,"parachute, chute"
1114,CsI4t1Mtqlx,volleyball
1115,CsI577Gypn4,"web_site, website, internet_site, site"
1116,CsI5e4woFHz,military_uniform
1117,CsI5fOwvIOo,"web_site, website, internet_site, site"
1118,CsI5iSPgsl_,stethoscope
1119,CsI5JIarJVh,comic_book
1120,CsI5JulMsJh,"web_site, website, internet_site, site"
1121,CsI5oBavQta,"web_site, website, internet_site, site"
1122,CsI5PK_JqHo,"web_site, website, internet_site, site"
1123,CsI5SI0NhVL,comic_book
1124,CsI5Spao87J,"web_site, website, internet_site, site"
1125,CsI5uOMLXt2,"web_site, website, internet_site, site"
1126,CsI5w-oyRyB,"television, television_system"
1127,CsI5WdLPNdU,packet
1128,CsI5xi-NlPA,"web_site, website, internet_site, site"
1129,CsI5_SMrroT,library
1130,CsI61s1r22N,"web_site, website, internet_site, site"
1131,CsI6iHUJXe3,"book_jacket, dust_cover, dust_jacket, dust_wrapper"
1132,CsI6uslJZ43,"web_site, website, internet_site, site"
1133,CsI6ZswOz7o,"web_site, website, internet_site, site"
1134,CsI70Rtvanz,mask
1135,CsI7BbeoqVj,"ballplayer, baseball_player"
1136,CsI7flboSpa,ski
1137,CsI7jCZKiw0,"valley, vale"
1138,CsI85u6pmBk,"web_site, website, internet_site, site"
1139,CsI887pIMhm,"swimming_trunks, bathing_trunks"
1140,CsI8q8mJAsN,"web_site, website, internet_site, site"
1141,CsI8se7NdUN,"web_site, website, internet_site, site"
1142,CsI8txJRWhX,wig
1143,CsI8xQepM1M,"groom, bridegroom"
1144,CsI94q6rk1G,"lab_coat, laboratory_coat"
1145,CsI9fTyL6Ev,"web_site, website, internet_site, site"
1146,CsI9o2-PG2r,"apiary, bee_house"
1147,CsI9UAEBAw9,"web_site, website, internet_site, site"
1148,CsI9vhPvvm6,"web_site, website, internet_site, site"
1149,CsI9XRUPZS2,military_uniform
1150,CsIa1t1uIcC,"slot, one-armed_bandit"
1151,CsIA34XrsTU,comic_book
1152,CsIAN9_N-wi,"web_site, website, internet_site, site"
1153,CsIaXJeSimG,"web_site, website, internet_site, site"
1154,CsIbJoFOCen,"crossword_puzzle, crossword"
1155,CsIC7RXr1iQ,"web_site, website, internet_site, site"
1156,CsICbmWrBNa,"web_site, website, internet_site, site"
1157,CsIcCz2OyAV,"panpipe, pandean_pipe, syrinx"
1158,CsICDfHLy0Y,"web_site, website, internet_site, site"
1159,CsICEZXRncN,comic_book
1160,CsICN2POj4c,"web_site, website, internet_site, site"
1161,CsId3kvJcbO,"loudspeaker, speaker, speaker_unit, loudspeaker_system, speaker_system"
1162,CsID3T9rvgz,mortar
1163,CsID6cTR3SV,"web_site, website, internet_site, site"
1164,CsId6yEpXiO,"loudspeaker, speaker, speaker_unit, loudspeaker_system, speaker_system"
1165,CsIDCaXRlEz,basketball
1166,CsIdd-dJMHj,"web_site, website, internet_site, site"
1167,CsIdFLFr963,"web_site, website, internet_site, site"
1168,CsIdgiXvE9J,"lakeside, lakeshore"
1169,CsIDIltL4l2,mask
1170,CsIDM-5u3bx,baseball
1171,CsIDpb-Owlb,"web_site, website, internet_site, site"
1172,CsIdr1etjDM,comic_book
1173,CsIDXnfMnrx,"breastplate, aegis, egis"
1174,CsIEa_4LT4F,"grocery_store, grocery, food_market, market"
1175,CsIeGdQOFIj,"web_site, website, internet_site, site"
1176,CsIEJfuuHYb,"chain_mail, ring_mail, mail, chain_armor, chain_armour, ring_armor, ring_armour"
1177,CsIEOrZRCbs,basketball
1178,CsIEsO_LmaF,packet
1179,CsIF3OyrYff,minivan
1180,CsIf9iOISYA,"web_site, website, internet_site, site"
1181,CsIFFMkOfMI,basketball
1182,CsIFINMNi3m,tripod
1183,CsIFpgbsfCT,"greenhouse, nursery, glasshouse"
1184,CsIFrJgtcGB,"web_site, website, internet_site, site"
1185,CsIfSKBJp5y,analog_clock
1186,CsIf_xuy6of,comic_book
1187,CsIG5GCr0KN,"web_site, website, internet_site, site"
1188,CsIGiubL20M,basketball
1189,CsIGPp1tZNt,"web_site, website, internet_site, site"
1190,CsIGr3vLSeg,menu
1191,CsIGsV8Lye_,basketball
1192,CsIhEnmujnR,"balance_beam, beam"
1193,CsIhhkcu-WS,comic_book
1194,CsIHHRPMcZR,comic_book
1195,CsIhHzAIxK7,"web_site, website, internet_site, site"
1196,CsIHMHCLhaR,basketball
1197,CsIHO2_MQ4Z,purse
1198,CsIHOtMPVC1,"suit, suit_of_clothes"
1199,CsIHt-2s7gw,maillot
1200,CsIHXINoTc6,maillot
1201,CsIHzxLog_y,Windsor_tie
1202,CsIif5TpgqI,strainer
1203,CsIIIQnL8I4,ski
1204,CsIiuuwxEOp,"web_site, website, internet_site, site"
1205,CsIiwh8tTCv,scoreboard
1206,CsIIxU_uMRh,"web_site, website, internet_site, site"
1207,CsIi_r7pP4S,"book_jacket, dust_cover, dust_jacket, dust_wrapper"
1208,CsIj-OUOGO4,"web_site, website, internet_site, site"
1209,CsIjABVqy0I,"web_site, website, internet_site, site"
1210,CsIjaIfpuW5,"web_site, website, internet_site, site"
1211,CsIjF3oow9w,comic_book
1212,CsIjfBjpw7W,"gong, tam-tam"
1213,CsIJFUeMy1C,"web_site, website, internet_site, site"
1214,CsIJgy3y6n9,"web_site, website, internet_site, site"
1215,CsIJjZ0PnNV,"web_site, website, internet_site, site"
1216,CsIJKt8u08i,"book_jacket, dust_cover, dust_jacket, dust_wrapper"
1217,CsIJqKHul-N,"web_site, website, internet_site, site"
1218,CsIKc30LZST,menu
1219,CsIKIE-Op21,"book_jacket, dust_cover, dust_jacket, dust_wrapper"
1220,CsIkk3wLcWs,"web_site, website, internet_site, site"
1221,CsIknLbuz4L,abaya
1222,CsIKu9kJqyS,"web_site, website, internet_site, site"
1223,CsIL2e0rOgZ,comic_book
1224,CsIL6N0urav,basketball
1225,CsILc1CsHIj,"hand-held_computer, hand-held_microcomputer"
1226,CsIlcwfsR9k,"web_site, website, internet_site, site"
1227,CsIlgIkqKX5,toyshop
1228,CsIlizEPqLp,"liner, ocean_liner"
1229,CsIlsAjhZeb,"web_site, website, internet_site, site"
1230,CsIlUtQse-1,"web_site, website, internet_site, site"
1231,CsILw_8Mo9n,espresso_maker
1232,CsIMgxWsZIp,"maze, labyrinth"
1233,CsIMlowsnYD,"rubber_eraser, rubber, pencil_eraser"
1234,CsIMmwCr36_,sweatshirt
1235,CsImYiipWXz,"web_site, website, internet_site, site"
1236,CsIMyOFJFO8,"web_site, website, internet_site, site"
1237,CsIn0uiL7pf,"lakeside, lakeshore"
1238,CsIn3UDIJvR,"chain_mail, ring_mail, mail, chain_armor, chain_armour, ring_armor, ring_armour"
1239,CsIn96UPfhk,"web_site, website, internet_site, site"
1240,CsINChXuNiT,"web_site, website, internet_site, site"
1241,CsINphuNyqf,"spotlight, spot"
1242,CsINT4vNojv,"web_site, website, internet_site, site"
1243,CsIn_3jxBam,carbonara
1244,CsIo4Uwry-9,"web_site, website, internet_site, site"
1245,CsIOH9UuC0p,"web_site, website, internet_site, site"
1246,CsIOjzbOnVl,"web_site, website, internet_site, site"
1247,CsIOKdkMvsQ,"web_site, website, internet_site, site"
1248,CsIOkFELMU1,"web_site, website, internet_site, site"
1249,CsIoOZhuRlW,"web_site, website, internet_site, site"
1250,CsIoQpZPfp2,"web_site, website, internet_site, site"
1251,CsIOu8pIhzk,"web_site, website, internet_site, site"
1252,CsIP-YzJOX1,balloon
1253,CsIP8-BOnfP,comic_book
1254,CsIP8novIBD,basketball
1255,CsIp8rkryvG,basketball
1256,CsIP9RNpPi2,"web_site, website, internet_site, site"
1257,CsIpbbRvx25,"web_site, website, internet_site, site"
1258,CsIPBTSJ0b7,"web_site, website, internet_site, site"
1259,CsIPGYJKTmj,"suit, suit_of_clothes"
1260,CsIPoQOo1Vy,"web_site, website, internet_site, site"
1261,CsIptAMotv7,"ballplayer, baseball_player"
1262,CsIP_clpABg,"bikini, two-piece"
1263,CsIq0PRJiEX,"loudspeaker, speaker, speaker_unit, loudspeaker_system, speaker_system"
1264,CsIQApsphJd,"book_jacket, dust_cover, dust_jacket, dust_wrapper"
1265,CsIqBxQKONu,"web_site, website, internet_site, site"
1266,CsIQE4JtGs6,"maillot, tank_suit"
1267,CsIQELCN5Iy,"web_site, website, internet_site, site"
1268,CsIql7vIx1_,"book_jacket, dust_cover, dust_jacket, dust_wrapper"
1269,CsIQQ7etpMi,"web_site, website, internet_site, site"
1270,CsIraxuNh5C,"web_site, website, internet_site, site"
1271,CsIrb4aMxrJ,"brassiere, bra, bandeau"
1272,CsIrD7HPyhU,"web_site, website, internet_site, site"
1273,CsIRimSOG6u,"hoopskirt, crinoline"
1274,CsIRoJ5MHCI,"web_site, website, internet_site, site"
1275,CsIrt0kIeWv,"web_site, website, internet_site, site"
1276,CsIrtStICq7,poncho
1277,CsIs-TQSDU5,"web_site, website, internet_site, site"
1278,CsIS03MJkL4,menu
1279,CsIs3SlsGer,"book_jacket, dust_cover, dust_jacket, dust_wrapper"
1280,CsIs45tvB_c,"web_site, website, internet_site, site"
1281,CsISAiHM6mp,"web_site, website, internet_site, site"
1282,CsIsD4dL-PL,comic_book
1283,CsIsmKNsp8c,"web_site, website, internet_site, site"
1284,CsIsnQeobkY,comic_book
1285,CsIsOIrPheJ,"web_site, website, internet_site, site"
1286,CsISSu0s4Rx,wig
1287,CsIsswRLsnT,"web_site, website, internet_site, site"
1288,CsIsTGCo68U,soccer_ball
1289,CsISTNssfSF,"web_site, website, internet_site, site"
1290,CsISvUIMM-e,stole
1291,CsIsZZyosti,soccer_ball
1292,CsItBP-ocee,basketball
1293,CsITcmuKo9a,"web_site, website, internet_site, site"
1294,CsITdEeRSH8,basketball
1295,CsITDh-uyLx,"web_site, website, internet_site, site"
1296,CsITe6cr3T8,potter's_wheel
1297,CsItGa3gnra,altar
1298,CsItH9UKcnh,"web_site, website, internet_site, site"
1299,CsItIBsqEkM,"web_site, website, internet_site, site"
1300,CsItIJVpzSC,space_heater
1301,CsItL3QoZGu,bulletproof_vest
1302,CsItl_ESNjv,"web_site, website, internet_site, site"
1303,CsITu8JsMO8,"web_site, website, internet_site, site"
1304,CsITuIWuDBc,"web_site, website, internet_site, site"
1305,CsIu5LnRtSw,"web_site, website, internet_site, site"
1306,CsIU9jlsYGS,comic_book
1307,CsIU9myME4f,"web_site, website, internet_site, site"
1308,CsIUDuSuU_H,basketball
1309,CsIuf9yrIlx,"web_site, website, internet_site, site"
1310,CsIuGH0sjhx,"web_site, website, internet_site, site"
1311,CsIUGVWr4vB,"golfcart, golf_cart"
1312,CsIuNqzPmR9,comic_book
1313,CsIUQoYMNyQ,comic_book
1314,CsIUUb4syAJ,packet
1315,CsIUymxrX6T,"lampshade, lamp_shade"
1316,CsIUZ7eLLkf,toyshop
1317,CsIV16Oy1v2,"web_site, website, internet_site, site"
1318,CsIVjBgrIga,"maze, labyrinth"
1319,CsIVQ-1LYKL,"web_site, website, internet_site, site"
1320,CsIvRFytzHL,"theater_curtain, theatre_curtain"
1321,CsIVRyuOM5-,"web_site, website, internet_site, site"
1322,CsIvV88rfz2,"web_site, website, internet_site, site"
1323,CsIVwxzJXhQ,"web_site, website, internet_site, site"
1324,CsIW0R9tsu-,"web_site, website, internet_site, site"
1325,CsIwiMkOR4e,"web_site, website, internet_site, site"
1326,CsIwk-msZjs,"suit, suit_of_clothes"
1327,CsIWPQJOJ5l,"web_site, website, internet_site, site"
1328,CsIwxTmsEzB,"web_site, website, internet_site, site"
1329,CsIWykvqnx-,"bikini, two-piece"
1330,CsIwyR3MjVB,"suit, suit_of_clothes"
1331,CsIwZ6HPVaV,"web_site, website, internet_site, site"
1332,CsIX0hYMO7F,"web_site, website, internet_site, site"
1333,CsIx0ZFugwX,"web_site, website, internet_site, site"
1334,CsIX9F7OOG9,"web_site, website, internet_site, site"
1335,CsIx9mQv8Kk,"web_site, website, internet_site, site"
1336,CsIxa25OeCJ,"web_site, website, internet_site, site"
1337,CsIxh7pO22f,"web_site, website, internet_site, site"
1338,CsIxjkhPtHA,"hand-held_computer, hand-held_microcomputer"
1339,CsIXJu9qet-,toyshop
1340,CsIxJXMhmh5,"web_site, website, internet_site, site"
1341,CsIxkGELYrg,"web_site, website, internet_site, site"
1342,CsIxrqDuW7t,"book_jacket, dust_cover, dust_jacket, dust_wrapper"
1343,CsIXrwGORk4,"web_site, website, internet_site, site"
1344,CsIxtp5MuWm,running_shoe
1345,CsIXuqkvr2d,maillot
1346,CsIXuzOM_CO,"web_site, website, internet_site, site"
1347,CsIxxCaPW-E,comic_book
1348,CsIxxryuFU4,"brass, memorial_tablet, plaque"
1349,CsIYEaEO4rd,"web_site, website, internet_site, site"
1350,CsIyirOOyYD,"web_site, website, internet_site, site"
1351,CsIyIynPPaj,fireboat
1352,CsIYJNDPcE7,guillotine
1353,CsIyoCxvk0r,"web_site, website, internet_site, site"
1354,CsIYpjFM_kS,bee
1355,CsIyRGcrVdK,"suit, suit_of_clothes"
1356,CsIyS5brllS,abaya
1357,CsIySY0s3sC,Band_Aid
1358,CsIySZKtb_c,"web_site, website, internet_site, site"
1359,CsIyUcMr6V8,"book_jacket, dust_cover, dust_jacket, dust_wrapper"
1360,CsIYWfCrNw9,"web_site, website, internet_site, site"
1361,CsIyWTrP982,"web_site, website, internet_site, site"
1362,CsIyXRsImo-,sombrero
1363,CsIyZLeIBk-,"cowboy_hat, ten-gallon_hat"
1364,CsIzBfotATI,"web_site, website, internet_site, site"
1365,CsIzfRUyJkm,"web_site, website, internet_site, site"
1366,CsIZOACqlmw,"web_site, website, internet_site, site"
1367,CsIZQr9MDFf,"web_site, website, internet_site, site"
1368,CsIZVwQuuuw,basketball
1369,CsI_3P7IC5e,comic_book
1370,CsI_6TDPiE8,"seashore, coast, seacoast, sea-coast"
1371,CsI_F0trByS,basketball
1372,CsI_Kg8SsOC,car_wheel
1373,CsI_kvwvYrd,"web_site, website, internet_site, site"
1374,CsI_Ny8BnOv,"web_site, website, internet_site, site"
1375,CsI_NZ3rFbT,"web_site, website, internet_site, site"
1376,CsJAAqTJfq5,vestment
1377,CsJABKMLf9Y,Windsor_tie
1378,CsJAc8ENJwo,"sandbar, sand_bar"
1379,CsJADk4v-s-,oxygen_mask
1380,CsJAiLXhtRc,"web_site, website, internet_site, site"
1381,CsJALynL_O4,"tobacco_shop, tobacconist_shop, tobacconist"
1382,CsJAowRMf6V,"web_site, website, internet_site, site"
1383,CsJAQTtNmDW,"cash_machine, cash_dispenser, automated_teller_machine, automatic_teller_machine, automated_teller, automatic_teller, ATM"
1384,CsJArT9h3XS,palace
1385,CsJAXIxL-AJ,vestment
1386,CsJB8beh1wd,comic_book
1387,CsJBh4iMS8h,whistle
1388,CsJBOYdvoYd,"web_site, website, internet_site, site"
1389,CsJBt-7KsFZ,comic_book
1390,CsJBtu2tQQt,sweatshirt
1391,CsJBtwzLxou,"beach_wagon, station_wagon, wagon, estate_car, beach_waggon, station_waggon, waggon"
1392,CsJBu_Uow2_,"web_site, website, internet_site, site"
1393,CsJBYklJ-8q,ambulance
1394,CsJCljptkyk,missile
1395,CsJCpuyuj0O,"web_site, website, internet_site, site"
1396,CsJCTAmMSCc,neck_brace
1397,CsJCWYwNG49,"great_grey_owl, great_gray_owl, Strix_nebulosa"
1398,CsJD0m-NrrK,"hoopskirt, crinoline"
1399,CsJDfBmM--q,shower_cap
1400,CsJDgVcxf1B,comic_book
1401,CsJDhgEB5Rv,"web_site, website, internet_site, site"
1402,CsJDhylxrhD,"web_site, website, internet_site, site"
1403,CsJDM23ttkp,"bonnet, poke_bonnet"
1404,CsJDPVCsOU6,"lab_coat, laboratory_coat"
1405,CsJDRk6vLpE,"loupe, jeweler's_loupe"
1406,CsJDz8Gopbi,"ballplayer, baseball_player"
1407,CsJDZlWuUOD,sleeping_bag
1408,CsJEGauAOGe,"bow_tie, bow-tie, bowtie"
1409,CsJEl10MeLx,"web_site, website, internet_site, site"
1410,CsJELpHvaZU,"web_site, website, internet_site, site"
1411,CsJEmGPNWfE,"web_site, website, internet_site, site"
1412,CsJEtjEtjlD,alp
1413,CsJFEYXhS-J,face_powder
1414,CsJFf5yt1wA,"web_site, website, internet_site, site"
1415,CsJFFjqrJk8,"web_site, website, internet_site, site"
1416,CsJFg6CsQG6,"web_site, website, internet_site, site"
1417,CsJFHh-SRqu,"television, television_system"
1418,CsJFKXlMlF7,"mailbag, postbag"
1419,CsJFnSJNDJR,jigsaw_puzzle
1420,CsJFQZ5NHzR,"web_site, website, internet_site, site"
1421,CsJFu0zgHWn,"microphone, mike"
1422,CsJFUfKJhay,"web_site, website, internet_site, site"
1423,CsJFyzKsPyq,"web_site, website, internet_site, site"
1424,CsJG-tLI_3v,"jersey, T-shirt, tee_shirt"
1425,CsJG4mMN_Yu,"web_site, website, internet_site, site"
1426,CsJG4OWuLiC,"web_site, website, internet_site, site"
1427,CsJG5NuLRKh,comic_book
1428,CsJG6OOPeNz,"web_site, website, internet_site, site"
1429,CsJG7uEo5hL,rugby_ball
1430,CsJG8-Kqfiq,"web_site, website, internet_site, site"
1431,CsJG95Qpr0C,"beach_wagon, station_wagon, wagon, estate_car, beach_waggon, station_waggon, waggon"
1432,CsJG9IEIUrO,stethoscope
1433,CsJGfLVhty1,"web_site, website, internet_site, site"
1434,CsJGtYOoHis,"jersey, T-shirt, tee_shirt"
1435,CsJGuskNGHx,"web_site, website, internet_site, site"
1436,CsJGVEBP6wH,"web_site, website, internet_site, site"
1437,CsJGznGo5Tm,"book_jacket, dust_cover, dust_jacket, dust_wrapper"
1438,CsJGzXLyVwp,"web_site, website, internet_site, site"
1439,CsJH-q8SUAz,scoreboard
1440,CsJH0NSrc2A,"web_site, website, internet_site, site"
1441,CsJHA0xoJi2,"bobsled, bobsleigh, bob"
1442,CsJHCnJoDQk,maillot
1443,CsJHEfwIEL6,beaker
1444,CsJHe_kvYxn,"racket, racquet"
1445,CsJHIxzLS6Y,"motor_scooter, scooter"
1446,CsJHjhKIim4,"slot, one-armed_bandit"
1447,CsJHjR_oNBm,maillot
1448,CsJHpAuhc7H,"web_site, website, internet_site, site"
1449,CsJHPHcBB-H,volleyball
1450,CsJHtswyW4D,"web_site, website, internet_site, site"
1451,CsJHxOJBz09,"web_site, website, internet_site, site"
1452,CsJHyIYoHOP,"web_site, website, internet_site, site"
1453,CsJI49Yom3m,"horizontal_bar, high_bar"
1454,CsJIDg5Pg5e,"web_site, website, internet_site, site"
1455,CsJIGQpt3If,"web_site, website, internet_site, site"
1456,CsJIl_xo-oZ,"web_site, website, internet_site, site"
1457,CsJImLhp77n,"web_site, website, internet_site, site"
1458,CsJImuuOrcx,"unicycle, monocycle"
1459,CsJIrnHhrXi,"web_site, website, internet_site, site"
1460,CsJIY-HooLu,"web_site, website, internet_site, site"
1461,CsJJGcOrHwl,"web_site, website, internet_site, site"
1462,CsJJghXOvss,"brassiere, bra, bandeau"
1463,CsJJOAeuBCy,ski
1464,CsJJO_tOCVj,"web_site, website, internet_site, site"
1465,CsJJstasoLG,"web_site, website, internet_site, site"
1466,CsJJT30ud3P,"web_site, website, internet_site, site"
1467,CsJJt69NpBa,"web_site, website, internet_site, site"
1468,CsJJwuuvxdG,"web_site, website, internet_site, site"
1469,CsJK1a7P5of,"web_site, website, internet_site, site"
1470,CsJK25wKhCm,"web_site, website, internet_site, site"
1471,CsJK35jo5wG,"leatherback_turtle, leatherback, leathery_turtle, Dermochelys_coriacea"
1472,CsJK8kcuiH3,comic_book
1473,CsJKcH0xNV3,overskirt
1474,CsJKFQUvSpn,"web_site, website, internet_site, site"
1475,CsJKgQtM_N3,"web_site, website, internet_site, site"
1476,CsJKGXSOvcs,"web_site, website, internet_site, site"
1477,CsJKIyMoKh2,comic_book
1478,CsJKmovsuCz,"web_site, website, internet_site, site"
1479,CsJKORbPRE3,"web_site, website, internet_site, site"
1480,CsJKtndSDpc,"seashore, coast, seacoast, sea-coast"
1481,CsJKUOTsoBu,"bloodhound, sleuthhound"
1482,CsJL7T3IaJ4,"web_site, website, internet_site, site"
1483,CsJLgM5NP3u,military_uniform
1484,CsJLLW2pjGQ,"web_site, website, internet_site, site"
1485,CsJLp1CuPUA,"web_site, website, internet_site, site"
1486,CsJLuDVohjy,scoreboard
1487,CsJLwfZtfO5,"web_site, website, internet_site, site"
1488,CsJLw_II8HL,"web_site, website, internet_site, site"
1489,CsJLxLNqJ3f,"racer, race_car, racing_car"
1490,CsJLxMJg_JF,"chimpanzee, chimp, Pan_troglodytes"
1491,CsJM0rhoZvy,"web_site, website, internet_site, site"
1492,CsJM3XAIRxj,"web_site, website, internet_site, site"
1493,CsJM7NsgbWr,"chimpanzee, chimp, Pan_troglodytes"
1494,CsJMazsOdeI,kimono
1495,CsJMB8KJFFH,"theater_curtain, theatre_curtain"
1496,CsJMFvbN-L9,"web_site, website, internet_site, site"
1497,CsJMGflhq-G,toaster
1498,CsJMhiFPEcN,"prison, prison_house"
1499,CsJMjb4rzTZ,"web_site, website, internet_site, site"
1500,CsJMmL7gIoV,"chimpanzee, chimp, Pan_troglodytes"
1501,CsJMSXyM6-z,football_helmet
1502,CsJMtboOPHt,chain
1503,CsJMYcXAE0F,comic_book
1504,CsJMyTvoFoe,"web_site, website, internet_site, site"
1505,CsJN85nu2AA,barber_chair
1506,CsJNcCzJcz_,volleyball
1507,CsJNdlHMVOV,"web_site, website, internet_site, site"
1508,CsJNdOrOMie,comic_book
1509,CsJNKezBuko,"web_site, website, internet_site, site"
1510,CsJNnB1g0Ck,"chimpanzee, chimp, Pan_troglodytes"
1511,CsJNp1FrKFY,basketball
1512,CsJNsFuNLdv,"horizontal_bar, high_bar"
1513,CsJNw1ALMNV,"rocking_chair, rocker"
1514,CsJNwmKNWuV,"suit, suit_of_clothes"
1515,CsJNwSfMdaB,"web_site, website, internet_site, site"
1516,CsJNyBtNXJL,"web_site, website, internet_site, site"
1517,CsJOKOVLbLi,military_uniform
1518,CsJORV_uEdZ,"web_site, website, internet_site, site"
1519,CsJOUYtutky,"web_site, website, internet_site, site"
1520,CsJOYvetNhV,gown
1521,CsJPdCpo0sq,"web_site, website, internet_site, site"
1522,CsJPgznuWay,"shoe_shop, shoe-shop, shoe_store"
1523,CsJPiloI1KE,"web_site, website, internet_site, site"
1524,CsJPohFogyN,"ram, tup"
1525,CsJPsubI6yV,"web_site, website, internet_site, site"
1526,CsJPwX_IQHS,"web_site, website, internet_site, site"
1527,CsJQrZJO77O,magnetic_compass
1528,CsJRa6GIULe,comic_book
1529,CsJRIvnSZUG,"web_site, website, internet_site, site"
1530,CsJRJVxg-ao,"gasmask, respirator, gas_helmet"
1531,CsJRkQ1vjV4,"web_site, website, internet_site, site"
1532,CWQ7DnrvTCl,sweatshirt
